<application>
  <component name="FileTypeManager" version="17">
    <extensionMap>
      <mapping pattern="lib" type="Android Nine-Patch" />
      <mapping pattern="index" type="JSPX" />
      <mapping pattern="properties" type="PLAIN_TEXT" />
      <mapping pattern="修改" type="PLAIN_TEXT" />
      <mapping pattern="改进" type="PLAIN_TEXT" />
      <mapping pattern="Check" type="PLAIN_TEXT" />
      <mapping ext="ini" type="PLAIN_TEXT" />
      <mapping pattern="mvc_dispatcher" type="XML" />
    </extensionMap>
  </component>
</application>